"","tow_id","survey","year","month","day","doy","tow_duration","begin_lat","begin_lon","end_lat","end_lon","vessel","stat_area","catch_n","distance_km","AREA_SWEPT_25mx5m","AREA_SWEPT_50mx10m","AREA_SWEPT_100mx20m","AREA_SWEPT_200mx40m","AREA_SWEPT_500mx100m","AREA_SWEPT"
"1","25141.1.261-1","LL",2014,5,2,122,80,42.34928,-70.32272,42.3345,-70.31123,"MARY ELIZABETH",514,0,1.39720526819603,0.000174650658524503,0.000698602634098013,0.00279441053639205,0.0111776421455682,0.0698602634098013,1.95608737547444
"2","24141.1.261-2","LL",2014,5,2,122,49,42.21452,-70.21562,42.19979,-70.20335,"TENACIOUS II",514,0,1.47781980734699,0.000184727475918373,0.000738909903673494,0.00295563961469397,0.0118225584587759,0.0738909903673494,2.06894773028578
"3","24142.1.280-2","LL",2014,10,12,285,47,42.12136,-69.48256,42.10792,-69.47781,"TENACIOUS II",521,0,0.74662243300094,9.33278041251175e-05,0.00037331121650047,0.00149324486600188,0.00597297946400752,0.037331121650047,1.04527140620132
"4","25142.1.371-1","LL",2014,10,13,286,63,43.22757,-68.6975,43.24002,-68.70683,"MARY ELIZABETH",515,0,1.15670858046581,0.000144588572558227,0.000578354290232907,0.00231341716093163,0.00925366864372651,0.0578354290232907,1.61939201265214
"5","25141.2.260-3","LL",2014,5,2,122,72,42.54313,-70.292,42.55842,-70.30302,"MARY ELIZABETH",514,0,1.35750005296683,0.000169687506620853,0.000678750026483413,0.00271500010593365,0.0108600004237346,0.0678750026483413,1.90050007415356
"6","24141.2.271-1","LL",2014,5,2,122,53,42.61998,-70.00679,42.62987,-70.01673,"TENACIOUS II",514,3,1.17140573167554,0.000146425716459442,0.000585702865837769,0.00234281146335107,0.0093712458534043,0.0585702865837769,1.63996802434575
"7","24142.2.280-3","LL",2014,10,13,286,51,42.4329,-69.22922,42.41742,-69.22445,"TENACIOUS II",515,0,0.811706706575981,0.000101463338321998,0.000405853353287991,0.00162341341315196,0.00649365365260785,0.0405853353287991,1.13638938920637
"8","25142.2.371-2","LL",2014,10,13,286,71,43.21043,-69.13295,43.1991,-69.11622,"MARY ELIZABETH",513,0,1.91990682428,0.000239988353035,0.00095995341214,0.00383981364856,0.01535925459424,0.095995341214,2.687869553992
"9","25141.3.260-4","LL",2014,5,3,123,90,42.75087,-70.3554,42.73647,-70.34298,"MARY ELIZABETH",514,3,1.48740350147182,0.000185925437683978,0.000743701750735912,0.00297480700294365,0.0118992280117746,0.0743701750735912,2.08236490206055
"10","24141.3.270-2","LL",2014,5,3,123,48,42.97203,-70.01337,42.95886,-70.00209,"TENACIOUS II",513,0,1.35512386169456,0.00016939048271182,0.000677561930847282,0.00271024772338913,0.0108409908935565,0.0677561930847282,1.89717340637239
"11","24142.3.370-3","LL",2014,10,13,286,45,42.75494,-69.27656,42.74171,-69.27034,"TENACIOUS II",515,5,0.868740507914807,0.000108592563489351,0.000434370253957404,0.00173748101582961,0.00694992406331846,0.0434370253957403,1.21623671108073
"12","25141.4.271-2","LL",2014,5,3,123,68,43.20147,-70.25063,43.18713,-70.2384,"MARY ELIZABETH",513,0,1.46784516772218,0.000183480645965272,0.000733922583861088,0.00293569033544435,0.0117427613417774,0.0733922583861088,2.05498323481105
"13","24141.4.260-2","LL",2014,5,3,123,51,43.0564,-70.06329,43.04047,-70.05497,"TENACIOUS II",513,7,1.10883190127215,0.000138603987659019,0.000554415950636076,0.0022176638025443,0.00887065521017721,0.0554415950636076,1.55236466178101
"14","24142.4.370-1","LL",2014,10,13,286,58,42.79452,-68.90779,42.80738,-68.91918,"TENACIOUS II",515,125,1.37152380200577,0.000171440475250722,0.000685761901002887,0.00274304760401155,0.0109721904160462,0.0685761901002887,1.92013332280808
"15","25142.4.370-2","LL",2014,10,14,287,90,43.01925,-69.655,43.03563,-69.64987,"MARY ELIZABETH",513,35,0.855503236447737,0.000106937904555967,0.000427751618223869,0.00171100647289547,0.0068440258915819,0.0427751618223869,1.19770453102683
"16","25141.5.270-5","LL",2014,5,3,123,75,43.20032,-70.0488,43.21125,-70.06628,"MARY ELIZABETH",513,0,1.99404152562176,0.00024925519070272,0.00099702076281088,0.00398808305124352,0.0159523322049741,0.099702076281088,2.79165813587046
"17","24141.5.270-1","LL",2014,5,3,123,40,43.1147,-70.12576,43.11674,-70.1041,"TENACIOUS II",513,1,2.41770640069023,0.000302213300086278,0.00120885320034511,0.00483541280138045,0.0193416512055218,0.120885320034511,3.38478896096632
"18","24142.5.370-4","LL",2014,10,14,287,55,42.94024,-69.16633,42.92288,-69.16937,"TENACIOUS II",515,83,0.768182489382632,9.6022811172829e-05,0.000384091244691316,0.00153636497876526,0.00614545991506106,0.0384091244691316,1.07545548513569
"19","25142.5.280-5","LL",2014,10,14,287,69,42.78617,-69.60375,42.77512,-69.58958,"MARY ELIZABETH",515,0,1.63822952839734,0.000204778691049668,0.000819114764198671,0.00327645905679468,0.0131058362271787,0.0819114764198671,2.29352133975628
"20","25141.6.260-1","LL",2014,5,4,124,71,43.14922,-70.08555,43.13467,-70.07317,"MARY ELIZABETH",513,0,1.48793121212657,0.000185991401515821,0.000743965606063283,0.00297586242425313,0.0119034496970125,0.0743965606063283,2.08310369697719
"21","24141.6.270-3","LL",2014,5,4,124,53,42.46487,-70.05541,42.44792,-70.05394,"TENACIOUS II",514,0,0.666070889687507,8.32588612109384e-05,0.000333035444843754,0.00133214177937501,0.00532856711750006,0.0333035444843754,0.93249924556251
"22","24142.6.370-6","LL",2014,10,14,287,50,42.89923,-69.21654,42.91481,-69.21799,"TENACIOUS II",515,81,0.63804538241774,7.97556728022176e-05,0.00031902269120887,0.00127609076483548,0.00510436305934192,0.031902269120887,0.893263535384837
"23","25142.6.281-1","LL",2014,10,14,287,54,42.51885,-69.70227,42.53238,-69.70708,"MARY ELIZABETH",514,0,0.749984563653553,9.37480704566942e-05,0.000374992281826777,0.00149996912730711,0.00599987650922843,0.0374992281826777,1.04997838911497
"24","25141.7.260-5","LL",2014,5,4,124,74,42.49248,-70.39715,42.47568,-70.38733,"MARY ELIZABETH",514,0,1.26354013557533,0.000157942516946916,0.000631770067787664,0.00252708027115065,0.0101083210846026,0.0631770067787664,1.76895618980546
"25","24141.7.270-4","LL",2014,5,4,124,54,42.41363,-69.96784,42.42766,-69.96554,"TENACIOUS II",514,0,0.594804098518638,7.43505123148298e-05,0.000297402049259319,0.00118960819703728,0.00475843278814911,0.0297402049259319,0.832725737926094
"26","24142.7.271-2","LL",2014,10,17,290,44,42.12377,-69.87566,42.1094,-69.86934,"TENACIOUS II",521,0,0.895498286720081,0.00011193728584001,0.000447749143360041,0.00179099657344016,0.00716398629376065,0.0447749143360041,1.25369760140811
"27","25142.7.281-2","LL",2014,10,15,288,100,42.51205,-69.77558,42.52192,-69.78607,"MARY ELIZABETH",514,0,1.23067127081073,0.000153833908851341,0.000615335635405364,0.00246134254162146,0.00984537016648583,0.0615335635405364,1.72293977913502
"28","25141.8.370-2","LL",2014,5,7,127,64,43.23552,-69.78065,43.25118,-69.78322,"MARY ELIZABETH",513,4,0.668814732273603,8.36018415342003e-05,0.000334407366136801,0.00133762946454721,0.00535051785818882,0.0334407366136801,0.936340625183044
"29","24141.8.280-2","LL",2014,5,7,127,57,42.57749,-68.87209,42.56193,-68.86893,"TENACIOUS II",515,15,0.718609959286569,8.98262449108211e-05,0.000359304979643284,0.00143721991857314,0.00574887967429255,0.0359304979643284,1.0060539430012
"30","24142.8.280-4","LL",2014,10,18,291,-677,42.29496,-69.9122,42.31028,-69.913,"TENACIOUS II",521,0,0.594207743650837,7.42759679563547e-05,0.000297103871825419,0.00118841548730167,0.0047536619492067,0.0297103871825419,0.831890841111172
"31","25142.8.280-1","LL",2014,10,15,288,68,42.4048,-69.90587,42.3916,-69.89143,"MARY ELIZABETH",514,2,1.68868884992202,0.000211086106240252,0.000844344424961008,0.00337737769984403,0.0135095107993761,0.0844344424961008,2.36416438989082
"32","25141.9.370-5","LL",2014,5,7,127,64,43.02725,-69.48335,43.01095,-69.47463,"MARY ELIZABETH",513,0,1.16329331345206,0.000145411664181508,0.000581646656726031,0.00232658662690413,0.0093063465076165,0.0581646656726031,1.62861063883289
"33","24141.9.371-1","LL",2014,5,7,127,42,42.7367,-68.56625,42.72571,-68.55163,"TENACIOUS II",515,0,1.69131527924149,0.000211414409905186,0.000845657639620743,0.00338263055848297,0.0135305222339319,0.0845657639620743,2.36784139093808
"34","24142.9.270-5","LL",2014,10,18,291,50,42.43744,-70.02043,42.45437,-70.02454,"TENACIOUS II",514,3,0.792023525219992,9.9002940652499e-05,0.000396011762609996,0.00158404705043998,0.00633618820175993,0.0396011762609996,1.10883293530799
"35","25142.9.260-2","LL",2014,10,17,290,73,42.44095,-70.5505,42.42673,-70.53972,"MARY ELIZABETH",514,0,1.31383067662802,0.000164228834578503,0.000656915338314011,0.00262766135325604,0.0105106454130242,0.0656915338314011,1.83936294727923
"36","24141.10.370-4","LL",2014,5,7,127,-661,42.64849,-68.85083,42.6615,-68.86123,"TENACIOUS II",515,95,1.27291798332628,0.000159114747915785,0.000636458991663138,0.00254583596665255,0.0101833438666102,0.0636458991663138,1.78208517665679
"37","24142.10.271-1","LL",2014,10,18,291,46,42.5795,-70.02585,42.56318,-70.02457,"TENACIOUS II",514,0,0.63862168424137,7.98277105301712e-05,0.000319310842120685,0.00127724336848274,0.00510897347393096,0.0319310842120685,0.894070357937918
"38","25142.10.260-4","LL",2014,10,18,291,-654,42.7109,-70.33542,42.7253,-70.3483,"MARY ELIZABETH",514,1,1.53539377878705,0.000191924222348381,0.000767696889393523,0.00307078755757409,0.0122831502302964,0.0767696889393523,2.14955129030187
"39","24141.11.281-2","LL",2014,5,8,128,48,42.32496,-69.33891,42.33894,-69.34696,"TENACIOUS II",515,0,1.0533740791107,0.000131671759888838,0.000526687039555352,0.00210674815822141,0.00842699263288563,0.0526687039555352,1.47472371075498
"40","24142.11.260-1","LL",2014,10,28,301,43,43.1378,-70.04335,43.1213,-70.04301,"TENACIOUS II",513,8,0.629917219152139,7.87396523940174e-05,0.00031495860957607,0.00125983443830428,0.00503933775321711,0.031495860957607,0.881884106812995
"41","25142.11.270-1","LL",2014,10,18,291,73,42.62805,-69.99287,42.63902,-70.00533,"MARY ELIZABETH",514,21,1.45181677205118,0.000181477096506397,0.000725908386025588,0.00290363354410235,0.0116145341764094,0.0725908386025588,2.03254348087165
"42","24141.12.280-3","LL",2014,5,8,128,48,42.51137,-69.59598,42.51608,-69.61448,"TENACIOUS II",515,0,2.07192456245415,0.000258990570306769,0.00103596228122707,0.0041438491249083,0.0165753964996332,0.103596228122707,2.90069438743581
"43","24142.12.370-5","LL",2014,10,28,301,38,43.12886,-69.55523,43.14513,-69.55753,"TENACIOUS II",513,0,0.684398075183776,8.5549759397972e-05,0.000342199037591888,0.00136879615036755,0.00547518460147021,0.0342199037591888,0.958157305257286
"44","25142.12.260-3","LL",2014,10,18,291,67,42.52942,-70.22838,42.51433,-70.21802,"MARY ELIZABETH",514,2,1.28875056307726,0.000161093820384657,0.00064437528153863,0.00257750112615452,0.0103100045046181,0.064437528153863,1.80425078830816
"45","24141.13.281-1","LL",2014,5,9,129,-655,42.52831,-69.71767,42.54272,-69.71399,"TENACIOUS II",514,0,0.692551787120481,8.65689733900601e-05,0.00034627589356024,0.00138510357424096,0.00554041429696385,0.034627589356024,0.969572501968673
"46","24142.13.290-2","LL",2014,10,30,303,48,42.71976,-68.10689,42.73246,-68.11686,"TENACIOUS II",515,6,1.23125403181977,0.000153906753977471,0.000615627015909885,0.00246250806363954,0.00985003225455816,0.0615627015909885,1.72375564454768
"47","25142.13.261-2","LL",2014,10,20,293,61,42.66827,-70.37377,42.67783,-70.3583,"MARY ELIZABETH",514,0,1.76280619020388,0.000220350773775485,0.000881403095101942,0.00352561238040777,0.0141024495216311,0.0881403095101942,2.46792866628544
"48","24141.14.280-5","LL",2014,5,9,129,41,42.38984,-69.90063,42.40561,-69.90167,"TENACIOUS II",514,0,0.616076804992082,7.70096006240102e-05,0.000308038402496041,0.00123215360998416,0.00492861443993665,0.0308038402496041,0.862507526988914
"49","24142.14.290-1","LL",2014,10,30,303,50,42.65096,-67.92106,42.63648,-67.91245,"TENACIOUS II",515,2,1.13646882676818,0.000142058603346022,0.000568234413384088,0.00227293765353635,0.00909175061414541,0.0568234413384088,1.59105635747545
"50","25142.14.270-3","LL",2014,10,21,294,70,42.88383,-70.23102,42.8895,-70.21075,"MARY ELIZABETH",513,0,2.2715426893025,0.000283942836162813,0.00113577134465125,0.004543085378605,0.01817234151442,0.113577134465125,3.1801597650235
"51","24141.15.370-1","LL",2014,5,12,132,38,43.08305,-69.24769,43.06731,-69.24612,"TENACIOUS II",513,0,0.64685213130124,8.0856516412655e-05,0.00032342606565062,0.00129370426260248,0.00517481705040992,0.032342606565062,0.905592983821736
"52","24142.15.291-2","LL",2014,10,30,303,47,42.7188,-67.63375,42.73183,-67.64637,"TENACIOUS II",464,4,1.51239764889968,0.00018904970611246,0.000756198824449839,0.00302479529779936,0.0120991811911974,0.0756198824449839,2.11735670845955
"53","25142.15.270-4","LL",2014,10,21,294,87,42.85152,-70.37012,42.86318,-70.38638,"MARY ELIZABETH",513,4,1.86600991275141,0.000233251239093926,0.000933004956375705,0.00373201982550282,0.0149280793020113,0.0933004956375705,2.61241387785197
"54","24141.16.370-6","LL",2014,5,12,132,46,43.01318,-69.10428,43.02954,-69.10931,"TENACIOUS II",515,59,0.859733651930704,0.000107466706491338,0.000429866825965352,0.00171946730386141,0.00687786921544563,0.0429866825965352,1.20362711270299
"55","24142.16.290-5","LL",2014,10,31,304,47,42.57766,-67.6449,42.59347,-67.65113,"TENACIOUS II",464,17,0.966099566384251,0.000120762445798031,0.000483049783192125,0.0019321991327685,0.00772879653107401,0.0483049783192125,1.35253939293795
"56","25142.16.261-1","LL",2014,10,21,294,59,42.76622,-70.25755,42.74902,-70.25048,"MARY ELIZABETH",514,0,1.02132446135487,0.000127665557669359,0.000510662230677435,0.00204264892270974,0.00817059569083896,0.0510662230677435,1.42985424589682
"57","24141.17.280-1","LL",2014,5,12,132,45,42.70704,-69.5614,42.69196,-69.56112,"TENACIOUS II",515,0,0.588770555462527,7.35963194328158e-05,0.000294385277731263,0.00117754111092505,0.00471016444370021,0.0294385277731263,0.824278777647537
"58","24142.17.290-6","LL",2014,10,31,304,47,42.52575,-68.11217,42.51004,-68.10425,"TENACIOUS II",515,12,1.09908910783043,0.000137386138478804,0.000549544553915216,0.00219817821566086,0.00879271286264345,0.0549544553915216,1.5387247509626
"59","25142.17.270-2","LL",2014,10,25,298,66,43.2657,-70.01592,43.27977,-70.01158,"MARY ELIZABETH",513,0,0.722997044998831,9.03746306248539e-05,0.000361498522499416,0.00144599408999766,0.00578397635999065,0.0361498522499416,1.01219586299836
"60","24141.18.280-4","LL",2014,5,14,134,44,42.66612,-69.23219,42.67888,-69.21855,"TENACIOUS II",515,0,1.60327912549079,0.000200409890686349,0.000801639562745395,0.00320655825098158,0.0128262330039263,0.0801639562745395,2.2445907756871
"61","25142.18.260-5","LL",2014,10,26,299,-654,43.15328,-70.0722,43.13818,-70.0588,"MARY ELIZABETH",513,2,1.60164133628483,0.000200205167035603,0.000800820668142414,0.00320328267256965,0.0128131306902786,0.0800820668142413,2.24229787079876
"62","24141.19.370-3","LL",2014,5,14,134,61,42.871,-68.97798,42.8866,-68.97969,"TENACIOUS II",515,42,0.653230170078732,8.16537712598415e-05,0.000326615085039366,0.00130646034015746,0.00522584136062985,0.0326615085039366,0.914522238110224
"63","25142.19.360-2","LL",2014,10,28,301,70,42.99027,-67.77117,42.97233,-67.77193,"MARY ELIZABETH",515,14,0.762396223987337,9.52995279984171e-05,0.000381198111993668,0.00152479244797467,0.00609916979189869,0.0381198111993668,1.06735471358227
"64","24141.20.371-2","LL",2014,5,14,134,38,42.8859,-68.86662,42.87172,-68.86146,"TENACIOUS II",515,5,0.810656628611508,0.000101332078576439,0.000405328314305754,0.00162131325722302,0.00648525302889207,0.0405328314305754,1.13491928005611
"65","25142.20.360-3","LL",2014,10,28,301,66,42.92232,-68.2625,42.93512,-68.27748,"MARY ELIZABETH",515,15,1.75262379569488,0.00021907797446186,0.000876311897847439,0.00350524759138976,0.014020990365559,0.0876311897847439,2.45367331397283
"66","24141.21.360-4","LL",2014,5,15,135,40,42.82337,-68.39885,42.8068,-68.3974,"TENACIOUS II",515,1,0.699999527658756,8.74999409573445e-05,0.000349999763829378,0.00139999905531751,0.00559999622127005,0.0349999763829378,0.979999338722258
"67","25142.21.361-1","LL",2014,10,29,302,60,42.77935,-68.32325,42.7928,-68.32628,"MARY ELIZABETH",515,0,0.649468746034149,8.11835932542686e-05,0.000324734373017075,0.0012989374920683,0.00519574996827319,0.0324734373017075,0.909256244447809
"68","24141.22.360-6","LL",2014,5,15,135,52,42.86201,-68.17619,42.87876,-68.17471,"TENACIOUS II",515,87,0.71453303086216,8.93166288577701e-05,0.00035726651543108,0.00142906606172432,0.00571626424689728,0.035726651543108,1.00034624320702
"69","25142.22.361-2","LL",2014,10,29,302,56,42.85758,-68.45335,42.87203,-68.44423,"MARY ELIZABETH",515,0,1.17728161637803,0.000147160202047254,0.000588640808189016,0.00235456323275606,0.00941825293102426,0.0588640808189016,1.64819426292924
"70","24141.23.361-2","LL",2014,5,15,135,-683,43.04726,-68.19697,43.03309,-68.1953,"TENACIOUS II",515,0,0.616408691038291,7.70510863797864e-05,0.000308204345519145,0.00123281738207658,0.00493126952830633,0.0308204345519145,0.862972167453607
"71","25142.23.360-5","LL",2014,10,29,302,69,42.96248,-68.39178,42.97632,-68.38843,"MARY ELIZABETH",515,35,0.680766658798662,8.50958323498327e-05,0.000340383329399331,0.00136153331759732,0.00544613327038929,0.0340383329399331,0.953073322318126
"72","24141.24.291-2","LL",2014,5,19,139,77,42.5845,-68.01812,42.601,-68.02928,"TENACIOUS II",515,8,1.42287933656485,0.000177859917070607,0.000711439668282426,0.0028457586731297,0.0113830346925188,0.0711439668282426,1.99203107119079
"73","25142.24.360-1","LL",2014,10,30,303,52,43.15275,-68.24707,43.16767,-68.24095,"MARY ELIZABETH",515,0,0.92040851919576,0.00011505106489947,0.00046020425959788,0.00184081703839152,0.00736326815356608,0.046020425959788,1.28857192687406
"74","24141.25.360-2","LL",2014,5,19,139,59,42.82626,-67.87582,42.81981,-67.85534,"TENACIOUS II",515,4,2.30027022602717,0.000287533778253396,0.00115013511301358,0.00460054045205433,0.0184021618082173,0.115013511301358,3.22037831643803
"75","25142.25.360-4","LL",2014,10,30,303,53,43.14822,-68.51678,43.13255,-68.51335,"MARY ELIZABETH",515,0,0.746281121782441,9.32851402228051e-05,0.000373140560891221,0.00149256224356488,0.00597024897425953,0.037314056089122,1.04479357049542
"76","24141.26.361-1","LL",2014,5,19,139,51,42.86204,-67.8079,42.8698,-67.82776,"TENACIOUS II",515,0,2.23906894100945,0.000279883617626181,0.00111953447050472,0.0044781378820189,0.0179125515280756,0.111953447050472,3.13469651741323
"77","25142.26.360-6","LL",2014,10,30,303,60,43.08745,-68.51155,43.10227,-68.50382,"MARY ELIZABETH",515,2,1.05399120421643,0.000131748900527054,0.000526995602108214,0.00210798240843286,0.00843192963373143,0.0526995602108214,1.475587685903
"78","24141.27.360-3","LL",2014,5,20,140,55,42.81577,-67.75638,42.83094,-67.74898,"TENACIOUS II",515,6,1.04514116572571,0.000130642645715714,0.000522570582862855,0.00209028233145142,0.00836112932580568,0.0522570582862855,1.46319763201599
"79","25142.27.291-1","LL",2014,11,5,309,58,42.1083,-68.10268,42.12117,-68.09245,"MARY ELIZABETH",522,0,1.26063708556833,0.000157579635696041,0.000630318542784165,0.00252127417113666,0.0100850966845466,0.0630318542784165,1.76489191979566
"80","24141.28.360-1","LL",2014,5,20,140,46,42.97583,-68.20938,42.96002,-68.21097,"TENACIOUS II",515,72,0.678773900066561,8.48467375083201e-05,0.000339386950033281,0.00135754780013312,0.00543019120053249,0.0339386950033281,0.950283460093185
"81","25142.28.290-3","LL",2014,11,5,309,68,42.2656,-67.94508,42.2797,-67.94017,"MARY ELIZABETH",522,1,0.805826456300421,0.000100728307037553,0.000402913228150211,0.00161165291260084,0.00644661165040337,0.0402913228150211,1.12815703882059
"82","24141.29.360-5","LL",2014,5,20,140,42,43.15349,-68.23794,43.16965,-68.24176,"TENACIOUS II",515,0,0.793020976795887,9.91276220994858e-05,0.000396510488397943,0.00158604195359177,0.00634416781436709,0.0396510488397943,1.11022936751424
"83","25142.29.290-4","LL",2014,11,5,309,77,42.51628,-67.65257,42.52668,-67.63858,"MARY ELIZABETH",464,25,1.62160038771162,0.000202700048463953,0.000810800193855812,0.00324320077542325,0.012972803101693,0.0810800193855812,2.27024054279627
"84","24141.30.290-2","LL",2014,5,30,150,63,42.12587,-67.87763,42.13804,-67.89102,"TENACIOUS II",522,1,1.57860992989201,0.000197326241236501,0.000789304964946003,0.00315721985978401,0.0126288794391361,0.0789304964946003,2.21005390184881
"85","24141.31.290-4","LL",2014,5,30,150,63,42.24786,-67.65869,42.23027,-67.65309,"TENACIOUS II",561,1,0.973361258745472,0.000121670157343184,0.000486680629372736,0.00194672251749094,0.00778689006996377,0.0486680629372736,1.36270576224366
"86","24141.32.290-5","LL",2014,5,30,150,63,42.32052,-67.60325,42.33628,-67.60677,"TENACIOUS II",464,2,0.77682847766067,9.71035597075837e-05,0.000388414238830335,0.00155365695532134,0.00621462782128536,0.0388414238830335,1.08755986872494
"87","24141.33.290-3","LL",2014,5,31,151,-658,42.39543,-67.89502,42.41194,-67.89675,"TENACIOUS II",515,6,0.719914865243473,8.99893581554342e-05,0.000359957432621737,0.00143982973048695,0.00575931892194779,0.0359957432621737,1.00788081134086
"88","24141.34.290-6","LL",2014,6,2,153,56,42.50877,-68.19196,42.49348,-68.18309,"TENACIOUS II",515,27,1.17520383029395,0.000146900478786743,0.000587601915146973,0.00235040766058789,0.00940163064235157,0.0587601915146973,1.64528536241152
"89","24141.35.290-1","LL",2014,6,2,153,52,42.17811,-68.15832,42.19004,-68.17274,"TENACIOUS II",522,5,1.6829331767109,0.000210366647088863,0.000841466588355452,0.00336586635342181,0.0134634654136872,0.0841466588355452,2.35610644739527
"90","24141.36.291-1","LL",2014,6,3,154,60,42.16197,-68.23507,42.17711,-68.23531,"TENACIOUS II",522,6,0.627317065463256,7.8414633182907e-05,0.000313658532731628,0.00125463413092651,0.00501853652370605,0.0313658532731628,0.878243891648558
"91","24151.1.281-2","LL",2015,4,26,116,44,42.11327,-69.3431,42.09658,-69.338,"TENACIOUS II",521,0,0.869416636205013,0.000108677079525627,0.000434708318102507,0.00173883327241003,0.00695533308964011,0.0434708318102507,1.21718329068702
"92","24151.2.280-3","LL",2015,4,26,116,-679,42.33989,-68.8222,42.35801,-68.8258,"TENACIOUS II",515,0,0.833843096445201,0.00010423038705565,0.000416921548222601,0.0016676861928904,0.00667074477156161,0.0416921548222601,1.16738033502328
"93","24151.3.280-5","LL",2015,4,27,117,44,42.57253,-68.8759,42.55785,-68.8675,"TENACIOUS II",515,3,1.10769020843255,0.000138461276054069,0.000553845104216277,0.00221538041686511,0.00886152166746043,0.0553845104216277,1.55076629180558
"94","24151.4.281-1","LL",2015,4,27,117,44,42.55981,-69.1511,42.54375,-69.1488,"TENACIOUS II",515,0,0.687827695099085,8.59784618873856e-05,0.000343913847549543,0.00137565539019817,0.00550262156079268,0.0343913847549543,0.962958773138719
"95","24151.5.270-2","LL",2015,4,29,119,49,42.63464,-70.0185,42.61799,-70.0109,"TENACIOUS II",514,5,1.0595131624696,0.0001324391453087,0.0005297565812348,0.0021190263249392,0.0084761052997568,0.05297565812348,1.48331842745744
"96","24151.6.270-1","LL",2015,4,30,120,44,42.2679,-69.9182,42.25137,-69.9211,"TENACIOUS II",521,0,0.711467415653756,8.89334269567195e-05,0.000355733707826878,0.00142293483130751,0.00569173932523005,0.0355733707826878,0.996054381915259
"97","24151.7.270-3","LL",2015,4,30,120,47,42.13018,-69.8091,42.11392,-69.8142,"TENACIOUS II",521,0,0.846302394125769,0.000105787799265721,0.000423151197062884,0.00169260478825154,0.00677041915300615,0.0423151197062884,1.18482335177608
"98","24151.8.270-5","LL",2015,4,30,120,42,42.11611,-69.859,42.10002,-69.8601,"TENACIOUS II",521,1,0.630609878801265,7.88262348501582e-05,0.000315304939400633,0.00126121975760253,0.00504487903041012,0.0315304939400633,0.882853830321771
"99","24151.9.370-2","LL",2015,5,2,122,43,42.71767,-69.0303,42.70191,-69.027,"TENACIOUS II",515,2,0.729438483747435,9.11798104684294e-05,0.000364719241873717,0.00145887696749487,0.00583550786997948,0.0364719241873717,1.02121387724641
"100","24151.10.370-3","LL",2015,5,2,122,52,42.90885,-68.4743,42.92338,-68.4834,"TENACIOUS II",515,20,1.1766150381125,0.000147076879764062,0.000588307519056248,0.00235323007622499,0.00941292030489996,0.0588307519056248,1.64726105335749
"101","24151.11.361_2","LL",2015,5,2,122,42,43.16054,-68.3651,43.14514,-68.359,"TENACIOUS II",515,0,0.92998152023239,0.000116247690029049,0.000464990760116195,0.00185996304046478,0.00743985216185912,0.0464990760116195,1.30197412832535
"102","24151.12.360-4","LL",2015,5,3,123,44,43.21587,-68.4261,43.2037,-68.4123,"TENACIOUS II",515,0,1.61836406147574,0.000202295507684468,0.000809182030737872,0.00323672812295149,0.0129469124918059,0.0809182030737872,2.26570968606604
"103","24151.13.360-6","LL",2015,5,3,123,47,43.0132,-68.3465,43.02484,-68.3621,"TENACIOUS II",515,1,1.80485120939456,0.00022560640117432,0.000902425604697281,0.00360970241878912,0.0144388096751565,0.090242560469728,2.52679169315239
"104","24151.14.371-2","LL",2015,5,3,123,37,42.82699,-68.6169,42.81121,-68.6193,"TENACIOUS II",515,0,0.695856592434698,8.69820740543372e-05,0.000347928296217349,0.0013917131848694,0.00556685273947758,0.0347928296217349,0.974199229408577
"105","24151.15.280-2","LL",2015,5,6,126,-676,42.37133,-69.5407,42.38741,-69.5417,"TENACIOUS II",515,0,0.637356767257117,7.96695959071397e-05,0.000318678383628559,0.00127471353451423,0.00509885413805694,0.0318678383628559,0.892299474159964
"106","24151.16.290-4","LL",2015,5,6,126,40,42.46275,-67.9976,42.44816,-67.9851,"TENACIOUS II",515,1,1.52196335027452,0.000190245418784315,0.000760981675137261,0.00304392670054904,0.0121757068021962,0.0760981675137261,2.13074869038433
"107","24151.17.290-2","LL",2015,5,6,126,43,42.34388,-67.8486,42.35557,-67.8663,"TENACIOUS II",515,2,2.03450833268375,0.000254313541585469,0.00101725416634188,0.00406901666536751,0.01627606666147,0.101725416634188,2.84831166575726
"108","24151.18.291-1","LL",2015,5,7,127,-670,42.39863,-67.8155,42.41477,-67.8184,"TENACIOUS II",515,3,0.753302282285138,9.41627852856422e-05,0.000376651141142569,0.00150660456457028,0.0060264182582811,0.0376651141142569,1.05462319519919
"109","24151.19.290-6","LL",2015,5,7,127,47,42.35319,-67.7991,42.33796,-67.7956,"TENACIOUS II",515,5,0.751799280772121,9.39749100965151e-05,0.00037589964038606,0.00150359856154424,0.00601439424617697,0.037589964038606,1.05251899308097
"110","24151.20.290-1","LL",2015,5,7,127,43,42.26385,-67.9818,42.27921,-67.9892,"TENACIOUS II",522,2,1.0461313245591,0.000130766415569888,0.000523065662279552,0.00209226264911821,0.00836905059647284,0.0523065662279552,1.46458385438275
"111","24151.21.291-2","LL",2015,5,8,128,52,42.24274,-67.872,42.22598,-67.8672,"TENACIOUS II",522,2,0.885131293889045,0.000110641411736131,0.000442565646944522,0.00177026258777809,0.00708105035111236,0.0442565646944522,1.23918381144466
"112","25151.1.261-2","LL",2015,4,25,115,-645,42.36955,-70.561,42.38196,-70.5733,"MARY ELIZABETH",514,0,1.44766104199834,0.000180957630249792,0.000723830520999169,0.00289532208399667,0.0115812883359867,0.0723830520999169,2.02672545879767
"113","25151.2.260-4","LL",2015,4,26,116,80,42.64836,-70.3101,42.6616,-70.3246,"MARY ELIZABETH",514,0,1.69259414330352,0.000211574267912941,0.000846297071651763,0.00338518828660705,0.0135407531464282,0.0846297071651762,2.36963180062493
"114","25151.3.271-1","LL",2015,4,26,116,72,42.83724,-70.1162,42.82251,-70.1025,"MARY ELIZABETH",513,0,1.62762035972433,0.000203452544965541,0.000813810179862164,0.00325524071944866,0.0130209628777946,0.0813810179862164,2.27866850361406
"115","25151.4.260-3","LL",2015,4,26,116,-1362,42.76655,-70.1574,42.78133,-70.1705,"MARY ELIZABETH",514,5,1.56509046326982,0.000195636307908727,0.00078254523163491,0.00313018092653964,0.0125207237061586,0.078254523163491,2.19112664857775
"116","25151.5.260-5","LL",2015,4,27,117,71,42.6044,-70.4587,42.58976,-70.4447,"MARY ELIZABETH",514,0,1.65493707550415,0.000206867134438018,0.000827468537752073,0.00330987415100829,0.0132394966040332,0.0827468537752074,2.31691190570581
"117","25151.6.260-2","LL",2015,4,27,117,75,42.4973,-70.3035,42.48346,-70.2916,"MARY ELIZABETH",514,1,1.42618625000682,0.000178273281250853,0.00071309312500341,0.00285237250001364,0.0114094900000546,0.071309312500341,1.99666075000955
"118","25151.7.261-1","LL",2015,4,28,118,-663,42.29258,-70.5779,42.30643,-70.5889,"MARY ELIZABETH",514,0,1.33057990809705,0.000166322488512131,0.000665289954048526,0.0026611598161941,0.0106446392647764,0.0665289954048526,1.86281187133587
"119","25151.8.271-2","LL",2015,4,30,120,74,43.03688,-70.2732,43.04998,-70.2851,"MARY ELIZABETH",513,0,1.4164001434371,0.000177050017929637,0.000708200071718549,0.00283280028687419,0.0113312011474968,0.0708200071718549,1.98296020081194
"120","25151.9.260-1","LL",2015,4,30,120,79,43.15581,-70.0273,43.14139,-70.0139,"MARY ELIZABETH",513,10,1.59293644569861,0.000199117055712327,0.000796468222849306,0.00318587289139723,0.0127434915655889,0.0796468222849306,2.23011102397806
"121","25151.10.270-2","LL",2015,4,30,120,66,43.01989,-70.1088,43.03251,-70.1002,"MARY ELIZABETH",513,0,1.07259256371145,0.000134074070463932,0.000536296281855726,0.00214518512742291,0.00858074050969162,0.0536296281855727,1.50162958919603
"122","25151.11.280-1","LL",2015,5,2,122,68,42.91134,-69.7758,42.90117,-69.7603,"MARY ELIZABETH",513,0,1.7731902874242,0.000221648785928024,0.000886595143712098,0.00354638057484839,0.0141855222993936,0.0886595143712098,2.48246640239387
"123","25151.12.280-4","LL",2015,5,2,122,68,42.98866,-69.8003,43.0017,-69.813,"MARY ELIZABETH",513,0,1.50329975030666,0.000187912468788332,0.000751649875153328,0.00300659950061331,0.0120263980024533,0.0751649875153328,2.10461965042932
"124","25151.13.370-6","LL",2015,5,2,122,77,43.11572,-69.5825,43.10198,-69.568,"MARY ELIZABETH",513,20,1.70385775485977,0.000212982219357471,0.000851928877429883,0.00340771550971953,0.0136308620388781,0.0851928877429883,2.38540085680367
"125","25151.14.370-4","LL",2015,5,3,123,69,43.02051,-68.9863,43.00771,-68.9707,"MARY ELIZABETH",515,4,1.81409870149054,0.000226762337686318,0.00090704935074527,0.00362819740298108,0.0145127896119243,0.090704935074527,2.53973818208676
"126","25151.15.370-1","LL",2015,5,3,123,67,43.01905,-68.893,43.03123,-68.9085,"MARY ELIZABETH",515,1,1.79695330834123,0.000224619163542654,0.000898476654170616,0.00359390661668246,0.0143756264667299,0.0898476654170616,2.51573463167772
"127","25151.16.370-5","LL",2015,5,3,123,-654,43.10609,-68.976,43.12139,-68.9796,"MARY ELIZABETH",515,2,0.732635586406993,9.15794483008741e-05,0.000366317793203496,0.00146527117281399,0.00586108469125594,0.0366317793203496,1.02568982096979
"128","25151.17.371-1","LL",2015,5,4,124,67,43.23425,-69.198,43.24925,-69.2116,"MARY ELIZABETH",513,0,1.62945234464718,0.000203681543080897,0.00081472617232359,0.00325890468929436,0.0130356187571774,0.081472617232359,2.28123328250605
"129","25151.18.290-5","LL",2015,5,5,125,67,42.68806,-68.1233,42.7047,-68.1323,"MARY ELIZABETH",515,0,1.21928258516798,0.000152410323145998,0.000609641292583992,0.00243856517033597,0.00975426068134387,0.0609641292583992,1.70699561923518
"130","25151.19.290-3","LL",2015,5,6,126,-647,42.73547,-67.9124,42.72205,-67.899,"MARY ELIZABETH",515,8,1.59727190002329,0.000199658987502911,0.000798635950011644,0.00319454380004657,0.0127781752001863,0.0798635950011644,2.2361806600326
"131","25151.20.360-2","LL",2015,5,6,126,75,43.0815,-67.7338,43.06997,-67.716,"MARY ELIZABETH",515,59,2.04434793158683,0.000255543491448353,0.00102217396579341,0.00408869586317366,0.0163547834526946,0.102217396579341,2.86208710422156
"132","25151.21.360-5","LL",2015,5,6,126,135,43.05554,-67.7549,43.06623,-67.7723,"MARY ELIZABETH",515,19,1.99252348898593,0.000249065436123241,0.000996261744492965,0.00398504697797186,0.0159401879118874,0.0996261744492965,2.7895328845803
"133","25151.22.361-1","LL",2015,5,7,127,65,42.99924,-68.1088,43.01098,-68.1161,"MARY ELIZABETH",515,0,0.949572664956493,0.000118696583119562,0.000474786332478247,0.00189914532991299,0.00759658131965195,0.0474786332478247,1.32940173093909
"134","25151.23.360-3","LL",2015,5,7,127,65,42.93796,-68.0881,42.93118,-68.0682,"MARY ELIZABETH",515,2,2.23749924888935,0.000279687406111169,0.00111874962444468,0.00447499849777871,0.0178999939911148,0.111874962444468,3.13249894844509
"135","25151.24.360-1","LL",2015,5,7,127,63,42.89189,-68.0289,42.90247,-68.0444,"MARY ELIZABETH",515,6,1.78436288446064,0.00022304536055758,0.000892181442230319,0.00356872576892127,0.0142749030756851,0.0892181442230319,2.49810803824489
"136","24152.1.270-1","LL",2015,10,21,294,46,42.25549,-69.9155,42.26994,-69.9181,"TENACIOUS II",521,6,0.62533513855327,7.81668923191587e-05,0.000312667569276635,0.00125067027710654,0.00500268110842616,0.0312667569276635,0.875469193974578
"137","24152.2.280-3","LL",2015,10,21,294,49,42.51448,-69.6972,42.49921,-69.6915,"TENACIOUS II",514,0,0.868552053358944,0.000108569006669868,0.000434276026679472,0.00173710410671789,0.00694841642687156,0.0434276026679472,1.21597287470252
"138","24152.3.270-4","LL",2015,10,21,294,-665,42.48513,-70.0286,42.49967,-70.0393,"TENACIOUS II",514,10,1.31614737383579,0.000164518421729474,0.000658073686917897,0.00263229474767159,0.0105291789906864,0.0658073686917897,1.84260632337011
"139","24152.4.271-2","LL",2015,10,24,297,41,42.1066,-69.779,42.09172,-69.7712,"TENACIOUS II",521,0,1.04261259466295,0.000130326574332869,0.000521306297331475,0.0020852251893259,0.00834090075730359,0.0521306297331475,1.45965763252813
"140","24152.5.270-3","LL",2015,10,25,298,42,42.11675,-69.9425,42.13021,-69.9547,"TENACIOUS II",521,1,1.45531542667004,0.000181914428333755,0.00072765771333502,0.00291063085334008,0.0116425234133603,0.072765771333502,2.03744159733806
"141","24152.6.270-5","LL",2015,10,25,298,49,42.25283,-69.9714,42.2665,-69.9795,"TENACIOUS II",521,60,1.04389605269604,0.000130487006587005,0.000521948026348022,0.00208779210539209,0.00835116842156835,0.0521948026348022,1.46145447377446
"142","24152.7.260-5","LL",2015,10,25,298,42,42.18051,-70.3427,42.16299,-70.3457,"TENACIOUS II",514,0,0.738216786618711,9.22770983273389e-05,0.000369108393309356,0.00147643357323742,0.00590573429294969,0.0369108393309356,1.0335035012662
"143","24152.8.290-6","LL",2015,10,27,300,47,42.71789,-68.4271,42.70194,-68.4207,"TENACIOUS II",515,2,0.968714640319048,0.000121089330039881,0.000484357320159524,0.0019374292806381,0.00774971712255239,0.0484357320159524,1.35620049644667
"144","24152.9.290-2","LL",2015,10,27,300,43,42.44442,-68.072,42.45853,-68.0861,"TENACIOUS II",515,2,1.67902785429224,0.00020987848178653,0.00083951392714612,0.00335805570858448,0.0134322228343379,0.083951392714612,2.35063899600914
"145","24152.10.291-1","LL",2015,10,27,300,53,42.07574,-68.2403,42.05961,-68.2378,"TENACIOUS II",522,0,0.723509995173947,9.04387493967434e-05,0.000361754997586974,0.00144701999034789,0.00578807996139158,0.0361754997586974,1.01291399324353
"146","24152.11.280-5","LL",2015,10,28,301,41,42.177,-69.4154,42.16023,-69.4133,"TENACIOUS II",521,1,0.698763508262696,8.7345438532837e-05,0.000349381754131348,0.00139752701652539,0.00559010806610157,0.0349381754131348,0.978268911567774
"147","24152.12.280-4","LL",2015,10,31,304,43,42.55315,-69.0494,42.54371,-69.032,"TENACIOUS II",515,0,1.97723773320086,0.000247154716650108,0.00098861886660043,0.00395447546640172,0.0158179018656069,0.098861886660043,2.7681328264812
"148","24152.13.281-1","LL",2015,11,1,305,47,42.41571,-68.8382,42.4003,-68.8367,"TENACIOUS II",515,0,0.643250557662299,8.04063197077874e-05,0.00032162527883115,0.0012865011153246,0.00514600446129839,0.032162527883115,0.900550780727219
"149","24152.14.280-1","LL",2015,11,1,305,44,42.82394,-69.6838,42.80752,-69.6856,"TENACIOUS II",514,0,0.667410613340418,8.34263266675523e-05,0.000333705306670209,0.00133482122668084,0.00533928490672335,0.0333705306670209,0.934374858676585
"150","24152.15.281-2","LL",2015,11,1,305,48,42.7951,-69.8908,42.81136,-69.894,"TENACIOUS II",514,0,0.719000789153865,8.98750986442332e-05,0.000359500394576933,0.00143800157830773,0.00575200631323092,0.0359500394576933,1.00660110481541
"151","24152.16.290-4","LL",2015,11,3,307,50,42.63943,-67.8396,42.65462,-67.8501,"TENACIOUS II",515,1,1.33434169830137,0.000166792712287671,0.000667170849150685,0.00266868339660274,0.010674733586411,0.0667170849150685,1.86807837762192
"152","24152.17.290-5","LL",2015,11,3,307,55,42.54925,-67.5201,42.533,-67.5177,"TENACIOUS II",464,35,0.743537031970337,9.29421289962921e-05,0.000371768515985169,0.00148707406394067,0.0059482962557627,0.0371768515985169,1.04095184475847
"153","24152.18.290-3","LL",2015,11,3,307,52,42.20985,-67.6383,42.22335,-67.6396,"TENACIOUS II",561,2,0.591424469615455,7.39280587019319e-05,0.000295712234807728,0.00118284893923091,0.00473139575692364,0.0295712234807728,0.827994257461637
"154","24152.19.290-1","LL",2015,11,4,308,48,42.57696,-67.7825,42.59288,-67.7833,"TENACIOUS II",515,0,0.67792952105287,8.47411901316088e-05,0.000338964760526435,0.00135585904210574,0.00542343616842296,0.0338964760526435,0.949101329474018
"155","24152.20.291-2","LL",2015,11,4,308,50,42.7312,-68.1452,42.71446,-68.144,"TENACIOUS II",515,2,0.708478977415149,8.85598721768937e-05,0.000354239488707575,0.0014169579548303,0.00566783181932119,0.0354239488707575,0.991870568381209
"156","24152.21.360-5","LL",2015,11,4,308,-670,42.94043,-68.2733,42.92392,-68.2721,"TENACIOUS II",515,8,0.695343091271406,8.69178864089257e-05,0.000347671545635703,0.00139068618254281,0.00556274473017125,0.0347671545635703,0.973480327779968
"157","24152.22.371-1","LL",2015,11,5,309,47,42.60427,-68.7956,42.61897,-68.7996,"TENACIOUS II",515,3,0.742555511918255,9.28194389897819e-05,0.000371277755959128,0.00148511102383651,0.00594044409534604,0.0371277755959128,1.03957771668556
"158","24152.23.280-2","LL",2015,11,5,309,48,42.45511,-68.8048,42.43818,-68.8012,"TENACIOUS II",515,4,0.792675587446338,9.90844484307923e-05,0.000396337793723169,0.00158535117489268,0.00634140469957071,0.0396337793723169,1.10974582242487
"159","25152.1.261-1","LL",2015,10,24,297,66,42.65301,-70.2886,42.66891,-70.2945,"MARY ELIZABETH",514,0,0.889769571881222,0.000111221196485153,0.000444884785940611,0.00177953914376244,0.00711815657504978,0.0444884785940611,1.24567740063371
"160","25152.2.260-2","LL",2015,10,25,298,67,42.46641,-70.3941,42.47931,-70.4084,"MARY ELIZABETH",514,0,1.6669546360516,0.00020836932950645,0.000833477318025801,0.0033339092721032,0.0133356370884128,0.0833477318025801,2.33373649047224
"161","25152.4.260-3","LL",2015,10,25,298,69,42.31183,-70.4396,42.32669,-70.452,"MARY ELIZABETH",514,1,1.49072965282831,0.000186341206603539,0.000745364826414155,0.00298145930565662,0.0119258372226265,0.0745364826414155,2.08702151395963
"162","25152.5.261-2","LL",2015,10,26,299,63,42.79006,-70.2067,42.77985,-70.188,"MARY ELIZABETH",514,0,2.1217003628632,0.000265212545357901,0.0010608501814316,0.00424340072572641,0.0169736029029056,0.10608501814316,2.97038050800849
"163","25152.6.271-1","LL",2015,10,27,300,54,42.90326,-70.0082,42.8883,-69.9952,"MARY ELIZABETH",513,0,1.55874507727462,0.000194843134659328,0.000779372538637311,0.00311749015454924,0.012469960618197,0.0779372538637311,2.18224310818447
"164","25152.7.270-2","LL",2015,10,27,300,73,42.86095,-70.34,42.86873,-70.3609,"MARY ELIZABETH",513,2,2.34996253113267,0.000293745316391584,0.00117498126556634,0.00469992506226535,0.0187997002490614,0.117498126556634,3.28994754358574
"165","25152.8.260-4","LL",2015,10,27,300,61,42.75994,-70.3585,42.74528,-70.3469,"MARY ELIZABETH",514,7,1.40632711131345,0.000175790888914181,0.000703163555656724,0.0028126542226269,0.0112506168905076,0.0703163555656724,1.96885795583883
"166","25152.9.361-1","LL",2015,10,31,304,49,42.79837,-67.9258,42.79354,-67.9094,"MARY ELIZABETH",515,0,1.84036587797705,0.000230045734747131,0.000920182938988523,0.00368073175595409,0.0147229270238164,0.0920182938988523,2.57651222916786
"167","25152.10.360-1","LL",2015,10,31,304,75,42.82019,-67.7245,42.83603,-67.7293,"MARY ELIZABETH",515,1,0.857812745305445,0.000107226593163181,0.000428906372652723,0.00171562549061089,0.00686250196244356,0.0428906372652723,1.20093784342762
"168","25152.11.360-4","LL",2015,11,1,305,79,42.94903,-67.8985,42.93648,-67.8801,"MARY ELIZABETH",515,7,2.11890551684426,0.000264863189605532,0.00105945275842213,0.00423781103368851,0.016951244134754,0.105945275842213,2.96646772358196
"169","25152.12.360-6","LL",2015,11,1,305,72,43.03299,-67.9862,43.04531,-68.0004,"MARY ELIZABETH",515,20,1.66555336030593,0.000208194170038241,0.000832776680152963,0.00333110672061185,0.0133244268824474,0.0832776680152963,2.3317747044283
"170","25152.13.360-2","LL",2015,11,1,305,57,43.07638,-68.009,43.09172,-68.0146,"MARY ELIZABETH",515,1,0.895144480351641,0.000111893060043955,0.00044757224017582,0.00179028896070328,0.00716115584281313,0.044757224017582,1.2532022724923
"171","25152.14.361-2","LL",2015,11,2,306,66,43.158,-68.0103,43.17148,-68.0004,"MARY ELIZABETH",515,0,1.23973350765318,0.000154966688456648,0.00061986675382659,0.00247946701530636,0.00991786806122545,0.061986675382659,1.73562691071445
"172","25152.15.360-3","LL",2015,11,2,306,57,43.11526,-68.5081,43.10393,-68.5015,"MARY ELIZABETH",515,2,0.869937376957997,0.00010874217211975,0.000434968688478999,0.001739874753916,0.00695949901566398,0.0434968688478999,1.2179123277412
"173","25152.16.371-2","LL",2015,11,2,306,60,43.16871,-68.6333,43.15613,-68.6201,"MARY ELIZABETH",515,0,1.55881555202059,0.000194851944002574,0.000779407776010296,0.00311763110404118,0.0124705244161647,0.0779407776010296,2.18234177282883
"174","25152.17.370-6","LL",2015,11,4,308,68,43.15333,-69.5891,43.1424,-69.5734,"MARY ELIZABETH",513,21,1.80244225128101,0.000225305281410126,0.000901221125640505,0.00360488450256202,0.0144195380102481,0.0901221125640505,2.52341915179341
"175","25152.18.370-5","LL",2015,11,4,308,70,43.06143,-69.601,43.05062,-69.5833,"MARY ELIZABETH",513,14,2.01890752641371,0.000252363440801714,0.00100945376320686,0.00403781505282743,0.0161512602113097,0.100945376320686,2.8264705369792
"176","25152.19.370-2","LL",2015,11,4,308,-648,42.94057,-69.1564,42.94171,-69.1764,"MARY ELIZABETH",515,62,2.23148529089729,0.000278935661362162,0.00111574264544865,0.00446297058179459,0.0178518823271783,0.111574264544865,3.12407940725621
"177","25152.20.370-1","LL",2015,11,5,309,62,42.89455,-69.0196,42.90633,-69.0094,"MARY ELIZABETH",515,1,1.23144066970433,0.000153930083713041,0.000615720334852164,0.00246288133940866,0.00985152535763462,0.0615720334852164,1.72401693758606
"178","25152.21.370-4","LL",2015,11,5,309,63,42.83751,-69.1255,42.85101,-69.1198,"MARY ELIZABETH",515,0,0.832344426146758,0.000104043053268345,0.000416172213073379,0.00166468885229352,0.00665875540917406,0.0416172213073379,1.16528219660546
"179","25152.22.370-3","LL",2015,11,6,310,-635,42.81707,-69.3319,42.83033,-69.3234,"MARY ELIZABETH",515,6,1.082697090683,0.000135337136335375,0.000541348545341502,0.00216539418136601,0.00866157672546403,0.0541348545341502,1.51577592695621
